"MobilePhone","Name"
"325998734521","Maliyah Freeman"
"325991813372","Maritza Barber"
"325997397634","Jerimiah Leon"
"325999838571","Aniyah Lopez"
"325999291104","Ramon Stevens"
"325993986343","Ava Marquez"
"325994171412","Theresa Hodge"
"325994132390","Orlando Adkins"
"325995228693","Randy Ochoa"
"325999519980","Lily Aguirre"
"325992436808","Theresa Becker"
"325996790964","Irvin Krueger"
"325991588556","Kenya Zavala"
"325995706306","Mina Cohen"
"325999886866","Kaylen Oconnell"
"325993979243","Aron Calderon"
"325994487273","Alena Yoder"
"325997053304","Pranav Mata"
"325998370282","Carlie Sexton"
"325996547986","Breanna French"
"325996517746","Georgia Travis"
"325999893431","Alexandria Meyers"
"325995171991","Terrance Cardenas"
"325993468816","Collin Armstrong"
"325997512941","Jakayla Delgado"
"325999731131","Jaiden Mahoney"
"325992837118","Rylee Mckee"
"325998351307","Jakobe Payne"
"325998870708","Izabella Christensen"
"325997040911","Theodore Larson"
"325991013411","Sharon Hubbard"
"325991017263","Alexia Dalton"
"325999804483","Kash Yang"
"325998638386","Shamar Maldonado"
"325991761405","Lucille Cohen"
"325995531222","Ellen Patel"
"325994584710","Leanna Fuentes"
"325991063545","Soren Heath"
"325992923534","Casey Cordova"
"325993593464","Cierra Alvarado"
"325998727799","Regina Bell"
"325998253838","Mara Cervantes"
"325999573326","Rosemary Carpenter"
"325995614402","Miley Dorsey"
"325996204342","Chaya Riddle"
"325993791930","Lilly Reyes"
"325994835190","Chaim Schwartz"
"325992399197","Felix Conner"
"325999427248","Jane Cooke"
"325993912208","Bernard Moon"
"325991559012","Semaj Lowe"
"325997022895","Carl Randolph"
"325997819533","Ace Davidson"
"325998103272","Marely Michael"
"325992847951","Steve Fry"
"325999257884","Annabelle Mills"
"325992473775","Lia Holmes"
"325995170260","Ramon Frank"
"325994396914","Maximilian Johns"
"325998284731","Lauren Flynn"
"325997380765","Sonny Shannon"
"325992641890","Mina Frost"
"325994364379","Cole Valencia"
"325995314284","Giovanny Martin"
"325992102190","Abel Jacobson"
"325998941735","Jesus Zimmerman"
"325996400114","Rihanna Archer"
"325999926483","Chaya Mitchell"
"325999063973","Iliana Shields"
"325999855432","Angel Hammond"
"325992365199","Yadira Lowe"
"325998049767","Adolfo Wilcox"
"325999556299","Ivan Davidkov"
"325994008419","Alannah Kaufman"
"325998784054","Hunter Rubio"
"325996237525","Mauricio Garcia"
"325993665404","John Acevedo"
"325994484517","Johanna Carter"
"325997353873","Kimora Johns"
"325991166840","Bruce Bowen"
"325997833086","Lewis Franco"
"325995009574","Miah Melton"
"325996263395","Kaleigh Mccarthy"
"325996316224","Kyle Wilkerson"
"325995068062","Danika Wallace"
"325992552793","Shayla Doyle"
"325991167178","Weston Shelton"
"325997298314","Ian Stewart"
"325997983542","Harry Tran"
"325992848291","Beatrice Baldwin"
"325993692972","Mercedes Pope"
"325991258755","Miya Morris"
"325998562214","Lorelei Bennett"
"325991716369","Monserrat Alexander"
"325997391975","Mollie Kline"
"325991503899","Brian Koch"
"325998404147","Janiyah Beck"
"325998395110","Cael Brock"
"325998750324","Andy Drake"
"325995477920","Jaylee Meyer"
"325999409847","Fabian Tran"
"325992248531","Lamont Wells"
"325994601776","Cherish Hooper"
"325991738839","Jazlene Meadows"
"325997037401","Nickolas Johnston"
"325993135282","Kelsie Miles"
"325999685239","Osvaldo Wiggins"
"325996622725","Carolina Ferguson"
"325995447524","Jordan Snow"
"325999794528","Isabelle Ritter"
"325996821007","Annika Perry"
"325992996888","Estrella Hurley"
"325995097434","Tyrone Chambers"
"325996085612","Kash Simon"
"325991729439","Niko Kelley"
"325994788968","Frances Parrish"
"325997163319","Kamryn Clements"
"325991282139","Jorden Freeman"
"325995639083","Demarion Singleton"
"325999102856","Felix Doyle"
"325996541517","Hugh Mayer"
"325998387419","Cedric Marquez"
"325998079746","Ruben Schwartz"
"325996564664","John Bush"
"325997031542","Eddie Mcdaniel"
"325997955741","Paris Mcdowell"
"325992748759","Pamela Sparks"
"325997027301","Julius Oconnell"
"325999582869","Bria Sutton"
"325991320481","Elle Holland"
"325994340633","Emmalee Duke"
"325998611079","Jaylen Colon"
"325995958307","Hector Valentine"
"325991242270","Kaleigh Hopkins"
"325999009266","Kiersten Christian"
"325996663786","Dante Kennedy"
"325996442530","Aria Peterson"
